Hour,Best_Action,Best_Bill
0,-0.034555572259985956,0.02614480446976758
1,-0.19435537477417222,0.04088212177611305
2,-0.3061192433567396,0.0492767042912583
3,0.6451149033571217,0.11834450634280455
4,-0.4245333333333333,0.11834450634280455
5,-0.4273333333333333,0.11834450634280455
6,-0.23400092367011321,0.1665029463042472
7,-0.23864794937273476,0.2878244169870462
8,-0.6270890911522395,0.2617857743185636
9,0.6050346441484176,0.240625439704316
10,-0.29660522020162866,-0.012256024832735801
11,0.7959146879322919,-0.29514760277432517
12,-0.59895,-0.5385135949117341
13,-0.5872333333333332,-0.7612243563433283
14,-0.3785500013351527,-0.8784508738519449
15,-0.45416121145268235,-0.930849965953433
16,-0.5005082242941105,-1.004164962357475
17,-0.6503833333333332,-1.0577339855861017
18,-0.6097666666666666,-1.0577339855861017
19,-0.09584442962914386,-1.030953623511996
20,-0.17684038926304704,-0.7516978321474275
21,-0.8991707498191319,-0.5317467642190044
22,-0.33473219239172936,-0.3038285233911334
23,-0.18495621001056242,-0.2148580103751533
